step	sha256	command
001	30a9a23d8d5d3f43a51a5904f65dfe97f9136e5ba6aa8d62e2f3c9b7501a7d4b	cd /testbed && sed -n '1,60p' tests/test_domain_cpp.py && echo "=== DefinitionParser init ===" && grep -n "class DefinitionParser\|def __init__\|def parse_expression\|def parse_declaration" sphinx/domains/cpp.py | head -20
002	62441c10e8706ce4f1251b73484e6d06eeaab0be12a12c86079237c201ead1b9	cd /testbed && sed -n '4040,4120p' sphinx/domains/cpp.py
003	aeb3827b9e475581949437efe6bc7e04555d4b98b6a021195e50b9fd7beef99b	cd /testbed && grep -n "class DefinitionParser" sphinx/domains/cpp.py && sed -n '/class DefinitionParser/,/def _parse_operator/p' sphinx/domains/cpp.py | grep -n "def __init__\|def parse_expression\|def parse_declaration\|allowFallback\|def assert_end" | head
004	5ca4548cc100f34b78ed0e0226722e358794ca3a915cb19c98130566c47cb18f	cd /testbed && sed -n '4605,4646p' sphinx/domains/cpp.py && echo "=== BaseParser ===" && grep -n "class BaseParser\|def __init__\|def parse_expression\|def parse_declaration\|def assert_end\|allowFallbackExpressionParsing" sphinx/util/cfamily.py
005	6889dfc0d92bf45ac1a4b562d53337f9a2ee34d29e08420d551ec356c3cb66db	printf '%s' 'Y2QgL3Rlc3RiZWQgJiYgL29wdC9taW5pY29uZGEzL2VudnMvdGVzdGJlZC9iaW4vcHl0aG9uIC1jICIKZnJvbSBzcGhpbnguZG9tYWlucy5jcHAgaW1wb3J0IERlZmluaXRpb25QYXJzZXIKY2xhc3MgQ29uZmlnOgogICAgY3BwX2lkX2F0dHJpYnV0ZXM9WydpZF9hdHRyJ107IGNwcF9wYXJlbl9hdHRyaWJ1dGVzPVsncGFyZW5fYXR0ciddCmZvciBzIGluIFsnMXFfcycsJzYuNjI2MDcwMTVlLTM0cV9KJywnMS4wX2ttJywnMHgxcDNfdWRsJywnNDJfdWRsJyxcIidhJ191ZGxcIiwnXCJzdHJcIl91ZGwnXToKICAgIHAgPSBEZWZpbml0aW9uUGFyc2VyKHMsIGxvY2F0aW9uPU5vbmUsIGNvbmZpZz1Db25maWcoKSkKICAgIHAuYWxsb3dGYWxsYmFja0V4cHJlc3Npb25QYXJzaW5nPUZhbHNlCiAgICB0cnk6CiAgICAgICAgYXN0ID0gcC5wYXJzZV9leHByZXNzaW9uKCkKICAgICAgICBwcmludCgnT0sgICcsIHJlcHIocyksICctPicsIGFzdCwgJ3wgaWQyOicsIGFzdC5nZXRfaWQoMikpCiAgICBleGNlcHQgRXhjZXB0aW9uIGFzIGU6CiAgICAgICAgcHJpbnQoJ0ZBSUwnLCByZXByKHMpLCAnLT4nLCB0eXBlKGUpLl9fbmFtZV9fLCBzdHIoZSkuc3BsaXRsaW5lcygpWzBdKQoiIDI+JjEgfCBoZWFkIC00MA==' | base64 -d | bash -o pipefail
006	629c367d6644fd09de30a90f47eb1704b935c238094956dbe06222fd8005b594	cd /testbed && sed -n '4646,4700p' sphinx/domains/cpp.py
007	78d286848306b810e7796fa62aedbef8fc28f0bd4820ae26e503ff2bd27dcf02	printf '%s' 'Y2QgL3Rlc3RiZWQgJiYgL29wdC9taW5pY29uZGEzL2VudnMvdGVzdGJlZC9iaW4vcHl0aG9uIC1jICIKZnJvbSBzcGhpbngudXRpbC5jZmFtaWx5IGltcG9ydCBmbG9hdF9saXRlcmFsX3JlLCBpbnRlZ2VyX2xpdGVyYWxfcmUsIGlkZW50aWZpZXJfcmUKZm9yIHMgaW4gWyc2LjYyNjA3MDE1ZS0zNCcsJzEnLCcweDFwMycsJzEuMCddOgogICAgbT1mbG9hdF9saXRlcmFsX3JlLm1hdGNoKHMpOyBwcmludCgnZmxvYXQnLHMsJy0+JyxtLmdyb3VwKDApIGlmIG0gZWxzZSBOb25lKQpmb3IgcyBpbiBbJzFxX3MnLCc0Ml91ZGwnLCc2LjYyNjA3MDE1ZS0zNHFfSiddOgogICAgbT1mbG9hdF9saXRlcmFsX3JlLm1hdGNoKHMpOyBwcmludCgnZmxvYXQnLHMsJy0+JyxtLmdyb3VwKDApIGlmIG0gZWxzZSBOb25lKQogICAgbT1pbnRlZ2VyX2xpdGVyYWxfcmUubWF0Y2gocyk7IHByaW50KCdpbnQgICcscywnLT4nLG0uZ3JvdXAoMCkgaWYgbSBlbHNlIE5vbmUpCiI=' | base64 -d | bash -o pipefail
008	88e1a31c6a98294fc341e7abf68a63d281a9a3ec34ba2714c0f59cf867dae800	cd /testbed && grep -n "ASTNumberLiteral\|ASTStringLiteral\|ASTCharLiteral\|ASTPointerLiteral\|ASTBooleanLiteral\|ASTLiteral" sphinx/domains/cpp.py
009	c1183b85f4a5f6a34131653b6e34ee67e5b02b2aff1f40fffa0e942a0e2a77b9	cd /testbed && sed -n '820,890p' sphinx/domains/cpp.py
